id,label,timeset,users_can_post,link,category,username,talking_about_count,post_activity,fan_count
7177913734,Reddit,,yes,https://www.facebook.com/reddit/,News/Media Website,reddit,4704,0.05,1084112
878018918955915,Reddit /r/books,,yes,https://www.facebook.com/redditbooks/,Website,redditbooks,7,0.01,1007
331461610207476,Alexis Ohanian,,no,https://www.facebook.com/pages/Alexis-Ohanian/331461610207476,Public Figure,,0,0.0,2962
185881711491789,Alexis Ohanian,,yes,https://www.facebook.com/Alexis-Ohanian-185881711491789/,Public Figure,,0,0.0,687
402953156537474,Upvoted,,yes,https://www.facebook.com/upvotedbyreddit/,Internet Company,upvotedbyreddit,3,0.01,2487
151112888274509,Radio reddit,,yes,https://www.facebook.com/Radio-reddit-151112888274509/,Radio Station,,5,0.0,5643
216466788372871,Reddit Gifts,,no,https://www.facebook.com/redditgifts/,Website,redditgifts,181,0.02,43714
6387039835,breadpig,,yes,https://www.facebook.com/thebreadpig/,Company,thebreadpig,11,0.0,2618
113231398718617,ROCKSTAR BootCamp NYC,,yes,https://www.facebook.com/ROCKSTAR-BootCamp-NYC-113231398718617/,Local Business,,0,0.0,458
182457891836834,"DAW Books, Inc.",,yes,https://www.facebook.com/dawbooks/,Publisher,dawbooks,484,0.03,6238
222274914450586,Publishers Weekly,,no,https://www.facebook.com/pubweekly/,Media/News Company,pubweekly,2096,0.2,145850
569332913089617,Judith McNaught Author,,yes,https://www.facebook.com/authorjudithmcnaught/,Author,authorjudithmcnaught,89,0.02,47736
426243744088664,Author Elizabeth George,,yes,https://www.facebook.com/AuthorElizabethGeorge/,Author,AuthorElizabethGeorge,39,0.02,39845
116710305100240,Penguin Random House SA,,yes,https://www.facebook.com/PenguinRandomHouseSA/,Media/News Company,PenguinRandomHouseSA,3612,0.28,59600
178643148813259,Image Comics,,yes,https://www.facebook.com/ImageComicsInc/,Publisher,ImageComicsInc,4243,0.46,376097
259361797547587,Nicola Yoon,,no,https://www.facebook.com/NicolaYoonWriter/,Writer,NicolaYoonWriter,55,0.0,1832
162276793813365,Darren Shan Official,,yes,https://www.facebook.com/darrenshanofficial/,Author,darrenshanofficial,896,0.12,147321
73239750875,J.L. Bourne,,yes,https://www.facebook.com/OfficialJLBourne/,Author,OfficialJLBourne,1056,0.06,21054
39860039925,Chuck Palahniuk,,yes,https://www.facebook.com/chuckpalahniuk/,Author,chuckpalahniuk,2228,0.04,683853
208367262536441,Judy Blume,,no,https://www.facebook.com/ItsMeJudyBlume/,Author,ItsMeJudyBlume,1695,0.02,259562
205384862843835,John Scalzi,,yes,https://www.facebook.com/scalzi/,Author,scalzi,583,0.01,18864
8024953523,Patrick Rothfuss,,yes,https://www.facebook.com/Patrick.Rothfuss/,Author,Patrick.Rothfuss,1718,0.1,223780
27479046178,Boing Boing,,no,https://www.facebook.com/boingboing/,Media/News Company,boingboing,292944,1.62,748335
106467744015,Rebecca Skloot,,yes,https://www.facebook.com/rebeccaskloot/,Author,rebeccaskloot,80,0.01,21993
119056238107084,Anthony Doerr,,yes,https://www.facebook.com/anthonydoerr/,Author,anthonydoerr,195,0.01,11011
108433975887375,Veronica Roth,,no,https://www.facebook.com/Veronica-Roth-108433975887375/,Author,,2612,0.0,575829
356163161993,Kiera Cass,,yes,https://www.facebook.com/Kiera-Cass-356163161993/,Author,,378,0.0,109249
211513165580442,Rick riordon,,yes,https://www.facebook.com/Rick-riordon-211513165580442/,Author,,0,0.0,255
294310427251696,Max Brooks,,yes,https://www.facebook.com/AuthorMaxBrooks/,Writer,AuthorMaxBrooks,451,0.01,65392
20809428467,James Patterson,,yes,https://www.facebook.com/JamesPatterson/,Author,JamesPatterson,10107,0.26,3727664
191150541024536,Stephen King,,yes,https://www.facebook.com/OfficialStephenKing/,Author,OfficialStephenKing,72646,0.31,4939204
13655260370,Penguin Books,,no,https://www.facebook.com/penguinbooks/,Publisher,penguinbooks,5742,0.09,559906
23899261428,The New York Review of Books,,no,https://www.facebook.com/nybooks/,Magazine,nybooks,5719,0.08,738663
322109601268040,BuzzFeed Books,,no,https://www.facebook.com/BuzzFeedBooks/,Media/News Company,BuzzFeedBooks,258126,0.43,1042469
266527350180191,Books on Facebook,,no,https://www.facebook.com/books/,Community,books,6606,0.07,797357
175530655810201,NPR Books,,no,https://www.facebook.com/nprbooks/,Arts/Humanities Website,nprbooks,5959,0.05,285658
90245883058,The Library of Congress,,yes,https://www.facebook.com/libraryofcongress/,Government Organization,libraryofcongress,5980,0.09,362334
117621238384764,Dr. Jessica Vogelsang,,yes,https://www.facebook.com/DrJessicaVogelsang/,Author,DrJessicaVogelsang,25,0.04,476
509242765863924,Victoria Aveyard,,yes,https://www.facebook.com/victoriaaveyard/,Writer,victoriaaveyard,237,0.02,20346
584863418260009,Danielle Paige,,yes,https://www.facebook.com/DaniellePaigeYA/,Writer,DaniellePaigeYA,454,0.05,5646
419843481381366,Brent Weeks,,yes,https://www.facebook.com/BrentWeeksAuthor/,Author,BrentWeeksAuthor,326,0.02,39273
6519099844,Robin Hobb,,no,https://www.facebook.com/robin.hobb/,Author,robin.hobb,828,0.02,81390
132257196788972,Random House Children's Books,,no,https://www.facebook.com/randomhousekids/,Publisher,randomhousekids,2950,0.09,93042
13673457388,Penguin Random House,,yes,https://www.facebook.com/PenguinRandomHouse/,Media/News Company,PenguinRandomHouse,55272,0.12,630326
215281808519580,Random House,,no,https://www.facebook.com/randomhouse/,Publisher,randomhouse,5548,0.1,91943
293212904044024,Angry Robot Books,,yes,https://www.facebook.com/angryrobotbooks/,Media/News Company,angryrobotbooks,90,0.04,3173
6665638842,Scott Sigler,,yes,https://www.facebook.com/scottsigler/,Author,scottsigler,1337,0.13,22076
24154059750,John Green,,yes,https://www.facebook.com/JohnGreenfans/,Author,JohnGreenfans,6683,0.07,3198734
6150859770,American Library Association,,yes,https://www.facebook.com/AmericanLibraryAssociation/,Library,AmericanLibraryAssociation,5412,0.08,171534
9465008123,Amazon.com,,yes,https://www.facebook.com/Amazon/,Retail Company,Amazon,166279,3.91,27149867
142112605831725,Powell's Books Chicago,,yes,https://www.facebook.com/powellschicago/,Book Store,powellschicago,21,0.01,3406
9122810019,Barnes & Noble,,yes,https://www.facebook.com/barnesandnoble/,Book Store,barnesandnoble,26238,0.38,1827654
462962073803090,Andy Weir,,yes,https://www.facebook.com/AndyWeirAuthor/,Writer,AndyWeirAuthor,82,0.02,60610
125485372514,Ernest Cline,,no,https://www.facebook.com/Ernest-Cline-125485372514/,Author,,172,0.01,62146
67691197470,Imgur,,yes,https://www.facebook.com/imgur/,App Page,imgur,383104,0.48,1129012
117422868343121,The Institute on Higher Awesome Studies,,yes,https://www.facebook.com/awesomestudies/,Non-Profit Organization,awesomestudies,1,0.0,397
34477598010,Room to Read: World Change Starts with Educated Children (Official),,no,https://www.facebook.com/RoomtoRead/,Non-Profit Organization,RoomtoRead,741,0.02,80822
104434530996,Awesome Foundation,,yes,https://www.facebook.com/awesomefoundation/,Non-Profit Organization,awesomefoundation,85,0.1,16842
